{
    "Brand": {
        "ASVON": 3.643071915582189,
        "ATOXAN": 2.081076244443315,
        "CO-OLANZA": 2.2719086873811034,
        "CYESTRA": 1.9631557207765389,
        "D-ABS": 3.822412490556535,
        "ETAL": 2.2641148325358853,
        "FERRIBOXY": 3.6092699884125143,
        "KAIRDON": 2.1627355198883462,
        "LEPITAM": 2.2119402985074625,
        "LER": 1.1283018867924528,
        "MIFATE": 1.348536490178223,
        "MEROPENEM": 3.042962962962963,
        "NERVPOWER": 1.9791962174940898,
        "NOMO": 1.7590361445783131,
        "NEET": 1.6717668488160289,
        "PAX": 2.306909090909091,
        "PENTALLIN": 1.3626105444797092,
        "PROXCAM": 1.3,
        "PAX CR": 1.44460592509782,
        "PENTALLIN IVY": 4.072832369942197,
        "ROPLEX": 1.440612244897959,
        "SANAMIDOL": 2.3692499878124997,
        "SCRODOP": 2.7541922290388547,
        "STRACEF": 2.5098523019632566,
        "SWICEF": 2.383956535634388,
        "SWIDOL": 3.3244376278118613,
        "SWINAL": 2.1396508728179553,
        "SWISSMETHER": 1.394413407821229,
        "SWISAT": 1.850134770889488,
        "VITAGLOBIN": 2.3721279849340866,
        "VONZ": 3.6625028613303603,
        "ZOLTRIX": 1.719559902200489
    },
    "Team": {
        "ACHIEVERS": 2.8787483123739572,
        "CONCORD": 1.990375238499046,
        "DYNAMIC": 2.0284182763798,
        "PASSIONATE": 2.1414191273688847
    },
    "Product": {
        "ASVON TAB 10/100MG 30S": 3.432477343292275,
        "ASVON TAB 10/100MG 30S CC": 10.947368421052632,
        "ATOXAN 30MG TAB.": 2.081076244443315,
        "CO-OLANZA 3/25MG CAP.": 2.4187074829931974,
        "CO-OLANZA 6/25MG CAP.": 1.8413965087281794,
        "CYESTRA TABLET": 1.9631557207765389,
        "D-ABS INJECTION (IM)": 3.7599434828682443,
        "D-ABS INJECTION (IM) 5S": 12.162711864406779,
        "D-ABS SOFT GEL CAPS 200,000 IU 1'S": 2.473104880581516,
        "ETAL TAB 10MG": 2.2641148325358853,
        "FERRIBOXY INJECTION 500MG / 10ML": 3.6092699884125143,
        "KAIRDON TAB 1MG": 2.07431693989071,
        "KAIRDON TAB 2MG": 2.8761061946902657,
        "KAIRDON TAB 3MG": 1.8241935483870966,
        "KAIRDON TAB 4MG": 1.601089918256131,
        "LEPITAM 250MG TAB": 1.548936170212766,
        "LEPITAM 500MG TAB": 3.807142857142857,
        "LEPITAM SUSP 100MG (60ML)": 0.793574297188755,
        "LER 2.5MG TABLET": 1.1283018867924528,
        "MEROVITE 1G INJECTION": 7.511111111111112,
        "MEROVITE 500MG INJECTION": 2.0399092970521546,
        "MIFATE 100MG IM/IV INJ.": 1.372505026986983,
        "MIFATE 250MG IM/IV INJ.": 1.161801801801802,
        "MIFATE 500MG IM/IV INJ.": 1.441142857142857,
        "NEET": 1.6717668488160289,
        "NERVPOWER INJ 500MCG/ML 10'S": 1.9791962174940898,
        "NOMO-D 10/10MG TABLET": 1.7590361445783131,
        "PAX TAB 20MG": 3.332394366197183,
        "PAX TAB 30MG": 1.21203007518797,
        "PAX CR 12.5MG TAB.": 1.3151162790697675,
        "PAX CR 25MG TAB.": 1.5387054161162481,
        "PAX CR 37.5MG TAB.": 1.4965116279069768,
        "PENTALLIN SYP.": 1.4493740029970512,
        "PENTALLIN SYP. IVY": 4.072832369942197,
        "PENTALLIN-DM SYP.": 1.210062893081761,
        "PROXCAM TAB 20MG 20S": 1.3,
        "ROPLEX 50MG/5ML SYRUP 120ML": 1.1607142857142858,
        "ROPLEX F 100MG/0.35MG 30S TAB.": 1.9767375886524823,
        "ROPLEX F 100MG/0.35MG CHEWABLE TAB.": 0.0,
        "ROPLEX-S I.V INJECTION 100MG / 5ML": 1.1206896551724137,
        "SANAMIDOL 40MG INJECTION": 3.569420123744736,
        "SCRODOP DR 30MG CAP.": 3.4956521739130437,
        "SCRODOP DR 60MG CAP.": 1.5873684210526315,
        "STRACEF 2GM IV INJ": 3.3143925233644858,
        "SWINAL 10MG INJECTION": 2.2704225352112677,
        "SWINAL 20MG INJECTION": 1.1304347826086958,
        "SANAMIDOL 20MG CAP.": 0.8492700729927006,
        "SANAMIDOL 20MG CAP. 100S": 6.100558659217877,
        "SANAMIDOL 40MG CAP.": 1.0410206084396467,
        "STRACEF 1G IM INJ.": 0.6169491525423728,
        "STRACEF 1G IV INJ.": 2.8425363947393145,
        "STRACEF 250 IM INJ.": 1.3944933920704847,
        "STRACEF 250 IV INJ.": 2.0696517412935322,
        "STRACEF 500 IM INJ.": 3.202727272727272,
        "STRACEF 500 IV INJ.": 1.2957879234167895,
        "SWICEF 100MG/5ML SUSP.": 2.311760299625468,
        "SWICEF 400MG CAP.": 1.772566772295156,
        "SWICEF DS 200MG/5ML SUSP.": 3.5031182015953592,
        "SWIDOL 1000MG/100ML INF": 3.3244376278118613,
        "SWISAT 100MG TAB.": 2.155080213903743,
        "SWISAT 25MG TAB.": 1.6958051420838973,
        "SWISSMETHER 40/240MG TAB 8'S": 1.389655172413793,
        "SWISSMETHER 80/480MG TAB 4'S": 1.946198830409357,
        "SWISSMETHER 80MG INJ.": 3.219047619047619,
        "SWISSMETHER PLUS SUSP. 15MG + 90MG 30ML": 0.9285714285714286,
        "SWISSMETHER PLUS SUSP. 15MG + 90MG 60ML": 1.821656050955414,
        "VITAGLOBIN SYRUP 120ML": 2.861680517082179,
        "VITAGLOBIN SYRUP 120ML CC": 0.7428571428571429,
        "VITAGLOBIN PLUS SYP": 2.8194373401534527,
        "VITAGLOBIN SYP.": 1.947583482032218,
        "VITAGLOBIN SYP. CC": 1.9499999999999997,
        "VITAGLOBIN TABLETS": 2.6535933147632313,
        "VONZ TAB 10MG 30S": 2.8085561497326204,
        "VONZ TAB 20MG 30S": 3.9100814597720133,
        "ZOLTRIX 100MG TAB.": 2.029268292682927,
        "ZOLTRIX 50MG TAB.": 1.4380396732788798
    },
    "Region": {
        "CAPITAL": 0.9474956822107081,
        "CENTER-1": 1.0033286318758816,
        "CENTER-2": 1.4806523237118137,
        "CENTER-3": 3.779753536421776,
        "CENTER-4": 1.5779184247538678,
        "CENTRE I": 2.240400363967243,
        "CENTRE-II": 3.4571428571428573,
        "NORTH": 1.6039462637490252,
        "NORTH-1": 0.7940636594415154,
        "NORTH-2": 0.7908054431776388,
        "SOUTH": 3.051846906987094,
        "SOUTH-1": 2.5482770870337474,
        "SOUTH-2": 1.200982800982801,
        "SOUTH-3": 2.838658428949691,
        "SOUTH-4": 2.2144594227108505,
        "ABBOTTABAD": 0.7854445588740131,
        "BAHAWALNAGAR": 2.4136283185840712,
        "BAHAWALPUR": 0.9672633327182136,
        "BANNU": 1.6974853113983548,
        "DADU": 2.248349307774228,
        "DERA ISMAIL KHAN": 2.366732154551408,
        "DERA GHAZI KHAN": 1.0346048214830639,
        "FAISALABAD": 1.5628415300546448,
        "GUJRANWALA": 2.830571761960327,
        "HYDERABAD": 1.4659357870007832,
        "ISLAMABAD": 0.65,
        "JACOBABAD": 2.668421052631579,
        "KANDHKOT": 3.8887329756500204,
        "KARACHI-1": 2.753239162201656,
        "KARACHI-2": 3.2776119402985073,
        "KARACHI-3": 1.626594005449591,
        "KARACHI-I": 2.0859353435757613,
        "KARACHI-II": 2.5416943979844397,
        "KHAIRPUR": 1.5281993204983013,
        "KHANEWAL": 0.29714285714285715,
        "KHANPUR": 6.461276595744681,
        "KHUZDAR": 16.263170441001193,
        "KOHAT": 2.1838414634146344,
        "LAHORE": 3.524557956777996,
        "LAHORE II": 9.50794979079498,
        "LAHORE-1": 4.6411711558624225,
        "LAHORE-2": 4.828055337401076,
        "LARKANA": 1.4698912802307522,
        "LAYYAH": 0.9492063492063492,
        "MARDAN": 1.1692307692307693,
        "MINGORA": 0.38717863105175293,
        "MIR PUR KHAS": 1.0472854640980735,
        "MIRPURKHAS": 1.5235872235872236,
        "MULTAN": 2.2818947980238304,
        "MUZAFFARABAD": 1.127710843373494,
        "NAWABSHAH": 2.525343320848939,
        "PESHAWAR": 0.8198154781727712,
        "QUETTA": 1.3005177220230983,
        "QUETTA B": 3.075862068965517,
        "RAHIM YAR KHAN": 1.3429014396456256,
        "RAWALPINDI": 2.1025641025641026,
        "SARGODHA": 3.0062123319425127,
        "SHEIKHUPURA": 8.85344827586207,
        "SIALKOT": 0.5714285714285714,
        "SUKKUR": 2.952820103709613,
        "SWAT": 0.820715166461159,
        "TIMERGARAH": -0.06933333333333334
    }
}