{
    "Brand": {
        "ASVON": 3.590376315337617,
        "ATOXAN": 1.9875969287159567,
        "CO-OLANZA": 2.225897176285297,
        "CYESTRA": 1.9736944647932853,
        "D-ABS": 4.4854875259684635,
        "ETAL": 2.2641148325358853,
        "FERRIBOXY": 3.6246092450947787,
        "KAIRDON": 2.074243639096103,
        "LEPITAM": 2.8556585129397605,
        "LER": 1.1283222584659887,
        "MIFATE": 1.2386440982959077,
        "MEROPENEM": 3.298838362573698,
        "NERVPOWER": 2.1152931826490553,
        "NOMO": 1.7672253258845438,
        "NEET": 1.6716152931919361,
        "PAX": 2.1883803112110396,
        "PENTALLIN": 1.3900634506189942,
        "PROXCAM": 1.3192434663581545,
        "PAX CR": 1.4605769559117732,
        "PENTALLIN IVY": 4.094817895766548,
        "ROPLEX": 1.3511018588144115,
        "SANAMIDOL": 2.0312385496323504,
        "SCRODOP": 2.5822884918889057,
        "STRACEF": 2.3002771537634366,
        "SWICEF": 2.3254001796869126,
        "SWIDOL": 3.2132918831107564,
        "SWINAL": 1.9155407800261262,
        "SWISSMETHER": 1.648616941009017,
        "SWISAT": 1.9397862525969505,
        "VITAGLOBIN": 2.4710150237829343,
        "VONZ": 3.744997672705786,
        "ZOLTRIX": 1.743092972687381
    },
    "Team": {
        "ACHIEVERS": 3.0682548542048322,
        "CONCORD": 2.0077734471478044,
        "DYNAMIC": 2.040095340183587,
        "PASSIONATE": 2.48710689571069
    },
    "Product": {
        "ASVON TAB 10/100MG 30S": 3.380891410821404,
        "ASVON TAB 10/100MG 30S CC": 11.08020688590397,
        "ATOXAN 30MG TAB.": 1.9875969287159567,
        "CO-OLANZA 3/25MG CAP.": 2.4204761904761907,
        "CO-OLANZA 6/25MG CAP.": 1.8456630109670988,
        "CYESTRA TABLET": 1.9736944647932853,
        "D-ABS INJECTION (IM)": 3.8689367473064564,
        "D-ABS INJECTION (IM) 5S": 12.43152928657715,
        "D-ABS SOFT GEL CAPS 200,000 IU 1'S": 2.4977375550727805,
        "ETAL TAB 10MG": 2.2641148325358853,
        "FERRIBOXY INJECTION 500MG / 10ML": 3.6246092450947787,
        "KAIRDON TAB 1MG": 2.07431693989071,
        "KAIRDON TAB 2MG": 2.8761061946902653,
        "KAIRDON TAB 3MG": 1.8241935483870968,
        "KAIRDON TAB 4MG": 1.6010810691309443,
        "LEPITAM 250MG TAB": 1.5489361702127662,
        "LEPITAM 500MG TAB": 3.807142857142857,
        "LEPITAM SUSP 100MG (60ML)": 0.7939899427388598,
        "LER 2.5MG TABLET": 1.1283222584659887,
        "MEROVITE 1G INJECTION": 7.777421344848859,
        "MEROVITE 500MG INJECTION": 1.8634197451583465,
        "MIFATE 100MG IM/IV INJ.": 1.2934107951398581,
        "MIFATE 250MG IM/IV INJ.": 0.9403283656992162,
        "MIFATE 500MG IM/IV INJ.": 1.3417503975401077,
        "NEET": 1.6716152931919361,
        "NERVPOWER INJ 500MCG/ML 10'S": 2.1152931826490553,
        "NOMO-D 10/10MG TABLET": 1.7672253258845438,
        "PAX TAB 20MG": 3.332441521028521,
        "PAX TAB 30MG": 1.2120300751879698,
        "PAX CR 12.5MG TAB.": 1.313987093761985,
        "PAX CR 25MG TAB.": 1.536772370110603,
        "PAX CR 37.5MG TAB.": 1.5080363977114781,
        "PENTALLIN SYP.": 1.4965317794694306,
        "PENTALLIN SYP. IVY": 4.094817895766548,
        "PENTALLIN-DM SYP.": 1.2307262021056522,
        "PROXCAM TAB 20MG 20S": 1.3192434663581545,
        "ROPLEX 50MG/5ML SYRUP 120ML": 1.1677849637807092,
        "ROPLEX F 100MG/0.35MG 30S TAB.": 1.971062270866655,
        "ROPLEX F 100MG/0.35MG CHEWABLE TAB.": 0.0,
        "ROPLEX-S I.V INJECTION 100MG / 5ML": 1.1473399575693675,
        "SANAMIDOL 40MG INJECTION": 2.662102519377946,
        "SCRODOP DR 30MG CAP.": 3.495524106402482,
        "SCRODOP DR 60MG CAP.": 1.5873684210526315,
        "STRACEF 2GM IV INJ": 2.5486244123153137,
        "SWINAL 10MG INJECTION": 2.1211002434907757,
        "SWINAL 20MG INJECTION": 1.0739130434782609,
        "SANAMIDOL 20MG CAP.": 0.9053173931607453,
        "SANAMIDOL 20MG CAP. 100S": 3.928508057314396,
        "SANAMIDOL 40MG CAP.": 1.034195630162599,
        "STRACEF 1G IM INJ.": 0.6169491525423728,
        "STRACEF 1G IV INJ.": 2.516991299884367,
        "STRACEF 250 IM INJ.": 1.3718177555791435,
        "STRACEF 250 IV INJ.": 2.034061646304199,
        "STRACEF 500 IM INJ.": 2.8294632330109115,
        "STRACEF 500 IV INJ.": 1.1183086647953864,
        "SWICEF 100MG/5ML SUSP.": 2.318927730815113,
        "SWICEF 400MG CAP.": 1.772502809428108,
        "SWICEF DS 200MG/5ML SUSP.": 3.493338649740995,
        "SWIDOL 1000MG/100ML INF": 3.2132918831107564,
        "SWISAT 100MG TAB.": 2.157821321645932,
        "SWISAT 25MG TAB.": 1.694658553076403,
        "SWISSMETHER 40/240MG TAB 8'S": 1.3896167356610087,
        "SWISSMETHER 80/480MG TAB 4'S": 2.111111900734824,
        "SWISSMETHER 80MG INJ.": 3.218964858670741,
        "SWISSMETHER PLUS SUSP. 15MG + 90MG 30ML": 0.8198877340655417,
        "SWISSMETHER PLUS SUSP. 15MG + 90MG 60ML": 1.811386492760847,
        "VITAGLOBIN SYRUP 120ML": 2.860399171009494,
        "VITAGLOBIN SYRUP 120ML CC": 0.7428571428571429,
        "VITAGLOBIN PLUS SYP": 2.7957712846917873,
        "VITAGLOBIN SYP.": 1.9899861001979595,
        "VITAGLOBIN SYP. CC": 1.9500000000000002,
        "VITAGLOBIN TABLETS": 2.6464369419772753,
        "VONZ TAB 10MG 30S": 2.725307809899618,
        "VONZ TAB 20MG 30S": 3.9303592400590133,
        "ZOLTRIX 100MG TAB.": 2.0636780394854735,
        "ZOLTRIX 50MG TAB.": 1.460496237869747
    },
    "Region": {
        "CAPITAL": 0.8609521803217667,
        "CENTER-1": 1.072517258865765,
        "CENTER-2": 1.4147570177246132,
        "CENTER-3": 3.8697338371801346,
        "CENTER-4": 1.834202289942108,
        "CENTRE I": 2.4275126991682727,
        "CENTRE-II": 3.5532599952511905,
        "NORTH": 1.7534188404839826,
        "NORTH-1": 0.7554977512560352,
        "NORTH-2": 0.8532063103293573,
        "SOUTH": 3.0183850663452723,
        "SOUTH-1": 2.6755959037389414,
        "SOUTH-2": 1.157466760086739,
        "SOUTH-3": 3.546652900478699,
        "SOUTH-4": 2.5711376816174125,
        "ABBOTTABAD": 0.6097754865324979,
        "BAHAWALNAGAR": 2.3888646702789473,
        "BAHAWALPUR": 1.1221716707559592,
        "BANNU": 2.2819745077940246,
        "DADU": 1.0687203233230025,
        "DERA ISMAIL KHAN": 2.6426414776479326,
        "DERA GHAZI KHAN": 1.0636121181546188,
        "FAISALABAD": 2.0312402178598408,
        "GUJRANWALA": 2.799870888263289,
        "HYDERABAD": 1.7376273200904246,
        "ISLAMABAD": 0.7045238885989468,
        "JACOBABAD": 2.6583227309497826,
        "KANDHKOT": 4.255946661382144,
        "KARACHI-1": 3.1125153521253335,
        "KARACHI-2": 3.1749662859771117,
        "KARACHI-3": 1.746967992319028,
        "KARACHI-I": 2.424754933597062,
        "KARACHI-II": 3.5294885929019038,
        "KHAIRPUR": 1.4924464400091688,
        "KHANEWAL": 1.0530636467039214,
        "KHANPUR": 7.54986686563912,
        "KHUZDAR": 15.67491124292698,
        "KOHAT": 2.407052158733957,
        "LAHORE": 4.843505631757016,
        "LAHORE II": 7.185175725764996,
        "LAHORE-1": 4.692605469530201,
        "LAHORE-2": 5.361648948217437,
        "LARKANA": 1.7215197182106452,
        "LAYYAH": 0.9795262743853493,
        "MARDAN": 1.14576189532387,
        "MINGORA": 0.40556020552541544,
        "MIR PUR KHAS": 1.10356960917264,
        "MIRPURKHAS": 1.6801150756268084,
        "MULTAN": 2.226440334657052,
        "MUZAFFARABAD": 1.04459519492838,
        "NAWABSHAH": 2.757892469704145,
        "PESHAWAR": 0.9906840519142709,
        "QUETTA": 1.0090485410278591,
        "QUETTA B": 3.354347699870334,
        "RAHIM YAR KHAN": 1.724192573654203,
        "RAWALPINDI": 2.595485653912766,
        "SARGODHA": 3.8632483378295825,
        "SHEIKHUPURA": 9.56374298411788,
        "SIALKOT": 0.34891703783260153,
        "SUKKUR": 3.455915462872049,
        "SWAT": 0.730498506391146,
        "TIMERGARAH": -0.0648375812093953
    }
}